{
  "N=1000": {
    "1hop": {
      "p50_ms": 0.065333,
      "p95_ms": 0.08773329999999997,
      "p99_ms": 0.19147342000000506,
      "mean_ms": 0.07955414000000001,
      "avg_results": 5
    },
    "2hop": {
      "p50_ms": 0.1988955,
      "p95_ms": 0.27337134999999996,
      "p99_ms": 0.3366550899999999,
      "mean_ms": 0.21040743999999997,
      "avg_results": 24.9
    },
    "3hop": {
      "p50_ms": 0.7725005,
      "p95_ms": 1.0112291500000001,
      "p99_ms": 1.03751223,
      "mean_ms": 0.8155918000000002,
      "avg_results": 117.65
    },
    "count": {
      "p50_ms": 0.014875000000000001,
      "p95_ms": 0.01974724999999999,
      "p99_ms": 0.03729382999999994,
      "mean_ms": 0.016124160000000002,
      "avg_results": 1000
    },
    "edge_crashes": 0,
    "insert_edges_sec": 70321,
    "insert_nodes_sec": 71267,
    "nodes": 1000
  },
  "N=500": {
    "1hop": {
      "p50_ms": 0.070646,
      "p95_ms": 0.15715559999999995,
      "p99_ms": 0.31477742000000075,
      "mean_ms": 0.09249584999999999,
      "avg_results": 5
    },
    "2hop": {
      "p50_ms": 0.1977915,
      "p95_ms": 0.35482309999999995,
      "p99_ms": 0.6532684999999995,
      "mean_ms": 0.24208662,
      "avg_results": 24.5
    },
    "3hop": {
      "p50_ms": 0.7279795,
      "p95_ms": 1.04208125,
      "p99_ms": 1.1516162499999996,
      "mean_ms": 0.78344385,
      "avg_results": 108.75
    },
    "count": {
      "p50_ms": 0.013875,
      "p95_ms": 0.029310749999999955,
      "p99_ms": 0.2384824199999997,
      "mean_ms": 0.023692580000000005,
      "avg_results": 500
    },
    "edge_crashes": 0,
    "insert_edges_sec": 72189,
    "insert_nodes_sec": 93791,
    "nodes": 500
  },
  "N=5000": {
    "1hop": {
      "p50_ms": 0.07454200000000001,
      "p95_ms": 0.10335035,
      "p99_ms": 0.1563332400000011,
      "mean_ms": 0.0810717,
      "avg_results": 5
    },
    "2hop": {
      "p50_ms": 0.240792,
      "p95_ms": 0.38645609999999997,
      "p99_ms": 0.4490500899999999,
      "mean_ms": 0.26431245999999997,
      "avg_results": 24.98
    },
    "3hop": {
      "p50_ms": 0.9089585,
      "p95_ms": 1.6551965000000002,
      "p99_ms": 1.6854064999999998,
      "mean_ms": 1.03516875,
      "avg_results": 123.6
    },
    "count": {
      "p50_ms": 0.018958,
      "p95_ms": 0.07998749999999999,
      "p99_ms": 0.11894999999999996,
      "mean_ms": 0.02762824,
      "avg_results": 5000
    },
    "edge_crashes": 0,
    "insert_edges_sec": 57558,
    "insert_nodes_sec": 73833,
    "nodes": 5000
  }
}